Category	Ticker	Date	Open	Close	High	Low	AggrPercent
Health	UNH	2022-08-01	542.27002	535.380005	543.650024	531.0	-1.2706
Health	UNH	2022-08-02	537.549988	535.460022	540.530029	531.719971	-0.3888
Health	UNH	2022-08-03	537.26001	540.650024	543.619995	535.690002	0.631
Health	UNH	2022-08-04	539.289978	533.75	540.429993	532.76001	-1.0273
Health	UNH	2022-08-05	530.0	535.059998	535.5	527.559998	0.9547
Health	UNH	2022-08-06	534.95	535.83	538.4	530.49	0.1645
Health	UNH	2022-08-07	537.43	536.21	539.85	531.95	-0.227
Health	UNH	2022-08-08	539.909973	536.599976	541.299988	533.419983	-0.6131
Health	UNH	2022-08-09	540.0	537.26001	545.73999	536.380005	-0.5074
Health	UNH	2022-08-10	540.26001	537.719971	541.97998	533.809998	-0.4702
Health	UNH	2022-08-11	538.23999	532.859985	538.630005	529.669983	-0.9996
Health	UNH	2022-08-12	535.609985	543.700012	544.400024	534.450012	1.5104
Health	UNH	2022-08-13	538.64	544.17	545.81	536.51	1.0267
Health	UNH	2022-08-14	540.15	544.41	546.51	537.53	0.7887
Health	UNH	2022-08-15	541.669983	544.640015	547.210022	538.559998	0.5483
Health	UNH	2022-08-16	545.210022	546.119995	547.440002	542.390015	0.1669
Health	UNH	2022-08-17	545.23999	545.0	547.789978	541.570007	-0.044
Health	UNH	2022-08-18	545.01001	545.219971	548.130005	541.820007	0.0385
Health	UNH	2022-08-19	545.5	548.320007	553.130005	544.820007	0.517
Health	UNH	2022-08-20	543.45	546.45	551.33	543.08	0.552
Health	UNH	2022-08-21	542.42	545.51	550.43	542.21	0.5697
Health	UNH	2022-08-22	541.390015	544.570007	549.52002	541.349976	0.5874
Health	UNH	2022-08-23	543.289978	535.799988	543.289978	533.210022	-1.3786
Health	UNH	2022-08-24	536.679993	536.460022	539.859985	535.02002	-0.041
Health	UNH	2022-08-25	535.01001	541.570007	542.02002	531.25	1.2261
Health	UNH	2022-08-26	542.26001	529.25	543.190002	528.219971	-2.3992
Health	UNH	2022-08-27	534.13	529.51	538.05	525.54	-0.865
Health	UNH	2022-08-28	530.07	529.64	535.48	524.2	-0.0811
Health	UNH	2022-08-29	526.0	529.77002	532.900024	522.869995	0.7167
Health	UNH	2022-08-30	530.409973	522.840027	531.090027	521.789978	-1.4272
Health	UNH	2022-08-31	520.820007	519.330017	527.099976	519.159973	-0.2861
Health	UNH	2022-09-01	519.330017	524.0	524.26001	515.090027	0.8992
Health	UNH	2022-09-02	529.619995	516.349976	529.789978	513.809998	-2.5056
Health	UNH	2022-09-03	524.77	517.01	528.62	515.36	-1.4787
Health	UNH	2022-09-04	522.35	517.34	528.04	516.14	-0.9591
Health	UNH	2022-09-05	521.14	517.51	527.75	516.53	-0.6965
Health	UNH	2022-09-06	519.929993	517.679993	527.450012	516.919983	-0.4328
Health	UNH	2022-09-07	517.0	521.679993	523.5	514.679993	0.9052
Health	UNH	2022-09-08	520.950012	527.51001	528.48999	518.809998	1.2592
Health	UNH	2022-09-09	527.830017	524.340027	527.830017	522.580017	-0.6612
Health	UNH	2022-09-10	526.42	527.8	531.43	522.54	0.2621
Health	UNH	2022-09-11	525.71	529.52	533.23	522.52	0.7247
Health	UNH	2022-09-12	525.0	531.25	535.02002	522.5	1.1905
Health	UNH	2022-09-13	524.0	513.960022	525.26001	511.970001	-1.916
Health	UNH	2022-09-14	514.0	509.769989	515.380005	506.100006	-0.823
Health	UNH	2022-09-15	516.299988	522.909973	527.97998	514.140015	1.2803
Health	UNH	2022-09-16	518.52002	521.02002	522.820007	517.080017	0.4821
Health	UNH	2022-09-17	518.56	522.29	523.41	515.02	0.7193
Health	UNH	2022-09-18	518.58	522.92	523.7	513.99	0.8369
Health	UNH	2022-09-19	518.590027	523.549988	524.0	512.969971	0.9564
Health	UNH	2022-09-20	524.23999	522.799988	524.669983	514.809998	-0.2747
Health	UNH	2022-09-21	525.030029	512.080017	528.01001	512.02002	-2.4665
Health	UNH	2022-09-22	511.029999	517.460022	520.969971	506.109985	1.2582
Health	UNH	2022-09-23	513.559998	513.609985	514.659973	506.380005	0.0097
Health	UNH	2022-09-24	510.48	510.98	513.61	502.69	0.0979
Health	UNH	2022-09-25	508.94	509.67	513.09	500.85	0.1434
Health	UNH	2022-09-26	507.390015	508.359985	512.570007	499.0	0.1912
Health	UNH	2022-09-27	510.369995	508.369995	516.789978	503.579987	-0.3919
Health	UNH	2022-09-28	506.480011	513.940002	516.27002	500.799988	1.4729
Health	UNH	2022-09-29	514.77002	508.829987	514.77002	502.470001	-1.1539
Health	UNH	2022-09-30	511.100006	505.040009	516.549988	504.839996	-1.1857
Health	UNH	2022-10-01	509.09	510.28	517.18	505.12	0.2338
Health	UNH	2022-10-02	508.08	512.9	517.49	505.26	0.9487
Health	UNH	2022-10-03	507.079987	515.51001	517.809998	505.399994	1.6625
Health	UNH	2022-10-04	518.349976	523.169983	524.590027	516.830017	0.9299
Health	UNH	2022-10-05	521.0	527.070007	529.349976	520.130005	1.1651
Health	UNH	2022-10-06	528.330017	519.130005	528.580017	516.73999	-1.7413
Health	UNH	2022-10-07	514.169983	504.850006	514.169983	501.059998	-1.8126
Health	UNH	2022-10-08	509.88	501.85	510.24	498.04	-1.5749
Health	UNH	2022-10-09	507.74	500.35	508.27	496.53	-1.4555
Health	UNH	2022-10-10	505.600006	498.859985	506.309998	495.019989	-1.3331
Health	UNH	2022-10-11	496.970001	499.809998	506.829987	495.179993	0.5715
Health	UNH	2022-10-12	502.130005	499.959991	508.25	498.209991	-0.4322
Health	UNH	2022-10-13	493.450012	509.910004	513.469971	487.73999	3.3357
Health	UNH	2022-10-14	520.0	513.130005	529.909973	511.929993	-1.3212
Health	UNH	2022-10-15	518.87	517.51	527.11	513.61	-0.2621
Health	UNH	2022-10-16	518.3	519.7	525.71	514.45	0.2701
Health	UNH	2022-10-17	517.73999	521.880005	524.309998	515.280029	0.7996
Health	UNH	2022-10-18	532.0	522.210022	532.0	518.330017	-1.8402
Health	UNH	2022-10-19	521.73999	520.320007	523.820007	514.599976	-0.2722
Health	UNH	2022-10-20	523.049988	520.880005	529.419983	519.780029	-0.4149
Health	UNH	2022-10-21	518.059998	533.72998	536.530029	518.01001	3.0247
Health	UNH	2022-10-22	528.07	537.66	541.51	527.9	1.816
Health	UNH	2022-10-23	533.07	539.63	543.99	532.85	1.2306
Health	UNH	2022-10-24	538.070007	541.599976	546.47998	537.799988	0.656
Health	UNH	2022-10-25	537.789978	540.219971	543.919983	533.900024	0.4518
Health	UNH	2022-10-26	541.380005	543.169983	547.640015	540.210022	0.3306
Health	UNH	2022-10-27	546.52002	541.799988	546.52002	539.76001	-0.8637
Health	UNH	2022-10-28	544.969971	551.23999	553.0	543.690002	1.1505
Health	UNH	2022-10-29	549.98	553.2	555.55	546.91	0.5855
Health	UNH	2022-10-30	552.49	554.18	556.82	548.52	0.3059
Health	UNH	2022-10-31	555.0	555.150024	558.099976	550.130005	0.027
Health	UNH	2022-11-01	555.0	547.309998	555.690002	544.219971	-1.3856
Health	UNH	2022-11-02	544.409973	543.429993	554.580017	543.070007	-0.18
Health	UNH	2022-11-03	541.73999	543.609985	547.869995	538.130005	0.3452
Health	UNH	2022-11-04	547.049988	538.169983	547.76001	527.140015	-1.6233
Health	UNH	2022-11-05	542.61	541.6	547.36	531.3	-0.1861
Health	UNH	2022-11-06	540.39	543.31	547.16	533.38	0.5404
Health	UNH	2022-11-07	538.169983	545.02002	546.950012	535.469971	1.2728
Health	UNH	2022-11-08	547.049988	553.049988	554.799988	542.0	1.0968
Health	UNH	2022-11-09	553.780029	540.659973	554.609985	539.440002	-2.3692
Health	UNH	2022-11-10	548.929993	544.169983	551.700012	533.950012	-0.8671
Health	UNH	2022-11-11	546.280029	522.080017	546.280029	509.649994	-4.43
Health	UNH	2022-11-12	534.14	517.92	537.63	511.53	-3.0367
Health	UNH	2022-11-13	528.07	515.84	533.3	512.47	-2.316
Health	UNH	2022-11-14	522.0	513.75	528.97998	513.409973	-1.5805
Health	UNH	2022-11-15	512.809998	503.01001	516.640015	500.769989	-1.911
Health	UNH	2022-11-16	505.890015	511.519989	514.130005	505.470001	1.1129
Health	UNH	2022-11-17	512.159973	515.309998	526.97998	512.159973	0.615
Health	UNH	2022-11-18	522.119995	530.0	533.0	519.460022	1.5092
Health	UNH	2022-11-19	525.57	523.6	532.48	517.42	-0.3748
Health	UNH	2022-11-20	527.29	520.4	532.22	516.4	-1.3067
Health	UNH	2022-11-21	529.01001	517.190002	531.950012	515.380005	-2.2344
Health	UNH	2022-11-22	519.940002	523.090027	524.659973	519.909973	0.6058
Health	UNH	2022-11-23	525.0	529.710022	530.440002	523.0	0.8971
Health	UNH	2022-11-24	529.5	533.67	535.64	527.76	0.7875
Health	UNH	2022-11-25	534.0	537.619995	540.849976	532.52002	0.6779
Health	UNH	2022-11-26	534.92	534.95	540.21	532.11	0.0056
Health	UNH	2022-11-27	535.38	533.61	539.9	531.9	-0.3306
Health	UNH	2022-11-28	535.830017	532.27002	539.580017	531.690002	-0.6644
Health	UNH	2022-11-29	531.669983	528.0	532.969971	523.650024	-0.6903
Health	UNH	2022-11-30	529.719971	547.76001	548.080017	527.47998	3.4056
Health	UNH	2022-12-01	552.359985	536.909973	553.0	535.799988	-2.7971
Health	UNH	2022-12-02	532.830017	536.159973	538.609985	532.440002	0.625
Health	UNH	2022-12-03	532.16	535.6	539.49	531.66	0.6464
Health	UNH	2022-12-04	531.82	535.32	539.94	531.27	0.6581
Health	UNH	2022-12-05	531.48999	535.039978	540.380005	530.880005	0.6679
Health	UNH	2022-12-06	534.419983	539.320007	540.590027	534.23999	0.9169
Health	UNH	2022-12-07	540.840027	542.909973	545.909973	539.630005	0.3827
Health	UNH	2022-12-08	544.859985	547.919983	551.289978	543.780029	0.5616
Health	UNH	2022-12-09	547.929993	539.200012	548.48999	538.869995	-1.5933
Health	UNH	2022-12-10	544.89	542.53	547.29	539.08	-0.4331
Health	UNH	2022-12-11	543.37	544.19	546.69	539.18	0.1509
Health	UNH	2022-12-12	541.849976	545.859985	546.080017	539.280029	0.7401
Health	UNH	2022-12-13	550.559998	538.219971	550.98999	535.099976	-2.2414
Health	UNH	2022-12-14	541.929993	538.359985	543.47998	531.570007	-0.6588
Health	UNH	2022-12-15	533.98999	527.679993	534.070007	525.469971	-1.1817
Health	UNH	2022-12-16	525.150024	523.700012	525.809998	515.719971	-0.2761
Health	UNH	2022-12-17	524.88	523.65	526.51	518.32	-0.2343
Health	UNH	2022-12-18	524.74	523.62	526.86	519.62	-0.2134
Health	UNH	2022-12-19	524.599976	523.599976	527.210022	520.929993	-0.1906
Health	UNH	2022-12-20	526.98999	520.210022	526.98999	519.700012	-1.2865
Health	UNH	2022-12-21	523.630005	527.539978	527.880005	518.099976	0.7467
Health	UNH	2022-12-22	526.47998	527.090027	529.01001	521.630005	0.1159
Health	UNH	2022-12-23	524.099976	531.309998	531.309998	522.900024	1.3757
Health	UNH	2022-12-24	529.01	531.65	533.58	526.38	0.499
Health	UNH	2022-12-25	531.47	531.82	534.71	528.11	0.0659
Health	UNH	2022-12-26	532.7	531.9	535.28	528.98	-0.1502
Health	UNH	2022-12-27	533.929993	531.98999	535.840027	529.849976	-0.3633
Health	UNH	2022-12-28	535.070007	528.450012	538.150024	527.72998	-1.2372
Health	UNH	2022-12-29	532.539978	529.880005	533.679993	528.859985	-0.4995
Health	UNH	2022-12-30	530.0	530.179993	530.5	524.840027	0.034
Health	UNH	2022-12-31	527.57	524.41	528.07	518.5	-0.599
Health	UNH	2023-01-01	526.35	521.53	526.85	515.33	-0.9157
Health	UNH	2023-01-02	525.74	520.09	526.24	513.74	-1.0747
Health	UNH	2023-01-03	525.130005	518.640015	525.630005	512.159973	-1.2359
Health	UNH	2023-01-04	518.640015	504.5	518.640015	500.600006	-2.7264
Health	UNH	2023-01-05	501.01001	489.959991	502.089996	488.5	-2.2055
Health	UNH	2023-01-06	491.589996	490.0	492.869995	487.540009	-0.3234
Health	UNH	2023-01-07	492.0	490.03	496.43	488.04	-0.4004
Health	UNH	2023-01-08	492.21	490.04	498.21	488.29	-0.4409
Health	UNH	2023-01-09	492.410004	490.059998	499.98999	488.540009	-0.4772
Health	UNH	2023-01-10	488.850006	486.0	490.470001	482.679993	-0.583
Health	UNH	2023-01-11	485.290009	493.399994	495.600006	485.0	1.6712
Health	UNH	2023-01-12	490.0	495.670013	498.730011	485.220001	1.1571
Health	UNH	2023-01-13	486.109985	489.570007	509.5	486.0	0.7118
Health	UNH	2023-01-14	488.65	487.32	501.22	484.89	-0.2722
Health	UNH	2023-01-15	489.93	486.2	497.08	484.33	-0.7613
Health	UNH	2023-01-16	490.57	485.64	495.01	484.05	-1.005
Health	UNH	2023-01-17	491.200012	485.079987	492.940002	483.779999	-1.2459
Health	UNH	2023-01-18	488.049988	476.23999	489.5	474.75	-2.4198
Health	UNH	2023-01-19	477.869995	484.359985	486.390015	477.390015	1.3581
Health	UNH	2023-01-20	485.529999	486.720001	486.98999	479.0	0.2451
Health	UNH	2023-01-21	486.1	486.26	488.54	480.2	0.0329
Health	UNH	2023-01-22	486.39	486.03	489.32	480.8	-0.074
Health	UNH	2023-01-23	486.679993	485.809998	490.100006	481.390015	-0.1788
Health	UNH	2023-01-24	500.26001	491.600006	500.26001	480.0	-1.7311
Health	UNH	2023-01-25	489.279999	492.5	495.359985	485.730011	0.6581
Health	UNH	2023-01-26	492.5	492.480011	496.450012	490.579987	-0.0041
Health	UNH	2023-01-27	493.369995	486.049988	493.369995	484.470001	-1.4837
Health	UNH	2023-01-28	490.59	485.92	494.31	484.63	-0.9519
Health	UNH	2023-01-29	489.2	485.86	494.78	484.71	-0.6827
Health	UNH	2023-01-30	487.809998	485.790009	495.25	484.799988	-0.4141
Health	UNH	2023-01-31	498.0	499.190002	505.5	493.130005	0.239
Health	UNH	2023-02-01	499.950012	497.0	504.380005	495.670013	-0.5901
Health	UNH	2023-02-02	494.26001	470.829987	495.0	463.890015	-4.7404
Health	UNH	2023-02-03	475.230011	472.019989	478.779999	469.75	-0.6755
Health	UNH	2023-02-04	473.62	473.63	478.88	470.38	0.0021
Health	UNH	2023-02-05	472.81	474.43	478.93	470.7	0.3426
Health	UNH	2023-02-06	472.0	475.23999	478.970001	471.01001	0.6864
Health	UNH	2023-02-07	471.040009	476.880005	478.079987	469.029999	1.2398
Health	UNH	2023-02-08	475.470001	483.220001	485.040009	475.109985	1.63
Health	UNH	2023-02-09	485.630005	485.730011	489.700012	482.399994	0.0206
Health	UNH	2023-02-10	489.130005	494.25	495.660004	488.75	1.0468
Health	UNH	2023-02-11	491.57	494.8	497.76	490.26	0.6571
Health	UNH	2023-02-12	492.78	495.08	498.81	491.01	0.4667
Health	UNH	2023-02-13	494.0	495.350006	499.869995	491.76001	0.2733
Health	UNH	2023-02-14	494.290009	492.829987	497.950012	489.089996	-0.2954
Health	UNH	2023-02-15	489.649994	491.25	491.829987	488.390015	0.3268
Health	UNH	2023-02-16	491.149994	487.350006	494.0	487.269989	-0.7737
Health	UNH	2023-02-17	487.380005	499.079987	499.459991	487.350006	2.4006
Health	UNH	2023-02-18	492.04	495.19	500.43	488.93	0.6402
Health	UNH	2023-02-19	494.37	493.25	500.91	489.72	-0.2266
Health	UNH	2023-02-20	495.54	492.28	501.15	490.11	-0.6579
Health	UNH	2023-02-21	496.700012	491.309998	501.399994	490.5	-1.0852
Health	UNH	2023-02-22	492.809998	488.890015	493.890015	488.670013	-0.7954
Health	UNH	2023-02-23	486.660004	491.690002	493.329987	485.869995	1.0336
Health	UNH	2023-02-24	489.579987	484.329987	492.51001	483.01001	-1.0723
Health	UNH	2023-02-25	489.17	483.82	491.73	482.49	-1.0937
Health	UNH	2023-02-26	488.97	483.57	491.34	482.22	-1.1044
Health	UNH	2023-02-27	488.769989	483.320007	490.940002	481.959991	-1.115
Health	UNH	2023-02-28	482.670013	475.940002	483.359985	473.920013	-1.3943
Health	UNH	2023-03-01	473.609985	475.220001	478.410004	472.0	0.3399
Health	UNH	2023-03-02	475.209991	477.700012	480.429993	473.25	0.524
Health	UNH	2023-03-03	477.940002	478.559998	479.100006	474.220001	0.1297
Health	UNH	2023-03-04	479.65	479.67	481.73	476.61	0.0042
Health	UNH	2023-03-05	480.51	480.22	483.04	477.81	-0.0604
Health	UNH	2023-03-06	481.369995	480.779999	484.350006	479.0	-0.1226
Health	UNH	2023-03-07	482.980011	473.880005	483.820007	472.559998	-1.8841
Health	UNH	2023-03-08	471.75	470.600006	475.390015	466.76001	-0.2438
Health	UNH	2023-03-09	473.950012	464.910004	473.950012	463.75	-1.9074
Health	UNH	2023-03-10	462.769989	460.329987	468.859985	457.589996	-0.5273
Health	UNH	2023-03-11	460.71	462.0	469.61	458.12	0.28
Health	UNH	2023-03-12	459.68	462.84	469.99	458.38	0.6874
Health	UNH	2023-03-13	458.649994	463.679993	470.369995	458.649994	1.0967
Health	UNH	2023-03-14	464.649994	464.579987	469.839996	459.049988	-0.0151
Health	UNH	2023-03-15	460.98999	465.429993	468.880005	459.23999	0.9631
Health	UNH	2023-03-16	464.709991	472.019989	473.390015	463.100006	1.573
Health	UNH	2023-03-17	471.390015	469.5	472.01001	466.299988	-0.4009
Health	UNH	2023-03-18	470.7	473.23	475.92	468.15	0.5375
Health	UNH	2023-03-19	470.35	475.09	477.87	469.07	1.0078
Health	UNH	2023-03-20	470.0	476.959991	479.820007	470.0	1.4808
Health	UNH	2023-03-21	478.390015	480.100006	481.450012	475.720001	0.3574
Health	UNH	2023-03-22	481.950012	475.519989	485.73999	474.820007	-1.3342
Health	UNH	2023-03-23	477.410004	469.910004	480.670013	466.670013	-1.571
Health	UNH	2023-03-24	468.980011	475.98999	476.880005	467.589996	1.4947
Health	UNH	2023-03-25	477.26	478.94	481.59	473.09	0.352
Health	UNH	2023-03-26	481.4	480.42	483.94	475.84	-0.2036
Health	UNH	2023-03-27	485.549988	481.899994	486.290009	478.589996	-0.7517
Health	UNH	2023-03-28	482.0	472.579987	483.790009	470.690002	-1.9544
Health	UNH	2023-03-29	475.109985	466.589996	475.880005	464.950012	-1.7933
Health	UNH	2023-03-30	466.570007	470.059998	470.410004	461.079987	0.748
Health	UNH	2023-03-31	471.519989	472.589996	476.0	470.100006	0.2269
Finance	MS	2022-08-01	83.660004	84.089996	84.540001	83.010002	0.514
Finance	MS	2022-08-02	83.330002	83.529999	84.589996	82.959999	0.24
Finance	MS	2022-08-03	84.68	85.050003	85.589996	84.120003	0.4369
Finance	MS	2022-08-04	85.199997	85.360001	85.650002	84.800003	0.1878
Finance	MS	2022-08-05	84.989998	86.129997	86.709999	84.709999	1.3413
Finance	MS	2022-08-06	85.88	86.08	86.97	85.33	0.2329
Finance	MS	2022-08-07	86.32	86.05	87.1	85.64	-0.3128
Finance	MS	2022-08-08	86.760002	86.029999	87.220001	85.949997	-0.8414
Finance	MS	2022-08-09	86.449997	86.360001	86.839996	85.870003	-0.1041
Finance	MS	2022-08-10	87.529999	88.889999	89.660004	87.5	1.5538
Finance	MS	2022-08-11	89.980003	90.199997	90.839996	89.800003	0.2445
Finance	MS	2022-08-12	90.620003	91.660004	91.75	90.059998	1.1477
Finance	MS	2022-08-13	90.64	91.84	92.02	90.26	1.3239
Finance	MS	2022-08-14	90.65	91.93	92.16	90.36	1.412
Finance	MS	2022-08-15	90.650002	92.019997	92.290001	90.459999	1.5113
Finance	MS	2022-08-16	91.480003	91.82	92.269997	91.339996	0.3717
Finance	MS	2022-08-17	90.389999	91.349998	91.830002	90.349998	1.0621
Finance	MS	2022-08-18	91.169998	91.730003	92.0	90.989998	0.6142
Finance	MS	2022-08-19	90.650002	90.010002	90.919998	89.660004	-0.706
Finance	MS	2022-08-20	89.54	89.24	89.89	88.69	-0.335
Finance	MS	2022-08-21	88.99	88.85	89.38	88.2	-0.1573
Finance	MS	2022-08-22	88.43	88.459999	88.860001	87.709999	0.0339
Finance	MS	2022-08-23	88.459999	88.300003	89.25	87.959999	-0.1809
Finance	MS	2022-08-24	87.989998	88.599998	89.040001	87.809998	0.6933
Finance	MS	2022-08-25	89.07	89.910004	90.099998	88.800003	0.9431
Finance	MS	2022-08-26	90.339996	86.809998	90.489998	86.720001	-3.9075
Finance	MS	2022-08-27	88.24	86.08	88.46	85.89	-2.4479
Finance	MS	2022-08-28	87.19	85.71	87.44	85.47	-1.6974
Finance	MS	2022-08-29	86.139999	85.349998	86.43	85.059998	-0.9171
Finance	MS	2022-08-30	86.139999	84.43	86.230003	84.209999	-1.9851
Finance	MS	2022-08-31	84.610001	85.220001	85.940002	84.059998	0.721
Finance	MS	2022-09-01	84.669998	86.169998	86.209999	83.389999	1.7716
Finance	MS	2022-09-02	87.360001	86.400002	89.029999	85.720001	-1.0989
Finance	MS	2022-09-03	87.06	85.76	87.93	84.44	-1.4932
Finance	MS	2022-09-04	86.91	85.44	87.38	83.8	-1.6914
Finance	MS	2022-09-05	86.83	85.28	87.11	83.48	-1.7851
Finance	MS	2022-09-06	86.75	85.129997	86.839996	83.160004	-1.8674
Finance	MS	2022-09-07	84.370003	86.860001	87.260002	84.370003	2.9513
Finance	MS	2022-09-08	86.529999	88.440002	88.489998	86.0	2.2073
Finance	MS	2022-09-09	89.220001	89.459999	89.82	88.800003	0.269
Finance	MS	2022-09-10	89.61	89.81	90.43	89.33	0.2232
Finance	MS	2022-09-11	89.81	89.98	90.74	89.59	0.1893
Finance	MS	2022-09-12	90.0	90.150002	91.040001	89.849998	0.1667
Finance	MS	2022-09-13	88.010002	87.050003	88.68	86.800003	-1.0908
Finance	MS	2022-09-14	87.540001	87.18	88.110001	86.129997	-0.4112
Finance	MS	2022-09-15	87.339996	88.260002	89.459999	87.25	1.0534
Finance	MS	2022-09-16	87.400002	87.43	87.699997	85.580002	0.0343
Finance	MS	2022-09-17	86.76	88.08	88.36	85.83	1.5214
Finance	MS	2022-09-18	86.44	88.4	88.69	85.96	2.2675
Finance	MS	2022-09-19	86.120003	88.720001	89.019997	86.080002	3.019
Finance	MS	2022-09-20	88.099998	87.190002	88.449997	86.370003	-1.0329
Finance	MS	2022-09-21	87.900002	86.360001	89.150002	86.349998	-1.752
Finance	MS	2022-09-22	86.910004	84.769997	87.25	84.269997	-2.4623
Finance	MS	2022-09-23	83.279999	81.510002	83.690002	80.220001	-2.1254
Finance	MS	2022-09-24	82.1	80.64	82.68	79.62	-1.7783
Finance	MS	2022-09-25	81.51	80.2	82.17	79.32	-1.6072
Finance	MS	2022-09-26	80.919998	79.760002	81.660004	79.010002	-1.4335
Finance	MS	2022-09-27	80.699997	79.480003	80.849998	78.349998	-1.5118
Finance	MS	2022-09-28	79.760002	81.470001	81.889999	79.690002	2.1439
Finance	MS	2022-09-29	80.800003	79.860001	81.029999	79.029999	-1.1634
Finance	MS	2022-09-30	79.769997	79.010002	81.160004	78.860001	-0.9527
Finance	MS	2022-10-01	79.91	79.69	81.07	78.59	-0.2753
Finance	MS	2022-10-02	79.98	80.03	81.03	78.45	0.0625
Finance	MS	2022-10-03	80.050003	80.379997	80.980003	78.32	0.4122
Finance	MS	2022-10-04	82.199997	83.970001	84.739998	81.800003	2.1533
Finance	MS	2022-10-05	82.029999	83.110001	83.589996	81.379997	1.3166
Finance	MS	2022-10-06	82.449997	81.309998	83.190002	81.129997	-1.3827
Finance	MS	2022-10-07	80.699997	78.93	80.790001	78.379997	-2.1933
Finance	MS	2022-10-08	80.07	78.67	80.26	78.1	-1.7485
Finance	MS	2022-10-09	79.76	78.54	79.99	77.96	-1.5296
Finance	MS	2022-10-10	79.440002	78.410004	79.720001	77.82	-1.2966
Finance	MS	2022-10-11	77.919998	77.0	78.410004	76.540001	-1.1807
Finance	MS	2022-10-12	76.989998	76.599998	77.800003	76.330002	-0.5066
Finance	MS	2022-10-13	74.980003	79.32	79.660004	74.669998	5.7882
Finance	MS	2022-10-14	77.230003	75.300003	79.059998	74.830002	-2.499
Finance	MS	2022-10-15	77.02	76.22	78.65	75.58	-1.0387
Finance	MS	2022-10-16	76.91	76.68	78.44	75.96	-0.2991
Finance	MS	2022-10-17	76.809998	77.139999	78.239998	76.330002	0.4296
Finance	MS	2022-10-18	79.800003	79.440002	80.589996	78.379997	-0.4511
Finance	MS	2022-10-19	79.150002	77.639999	79.589996	77.370003	-1.9078
Finance	MS	2022-10-20	77.629997	76.599998	78.540001	76.139999	-1.3268
Finance	MS	2022-10-21	76.610001	79.220001	79.529999	76.220001	3.4069
Finance	MS	2022-10-22	78.07	79.33	80.31	77.4	1.6139
Finance	MS	2022-10-23	78.8	79.38	80.7	77.98	0.736
Finance	MS	2022-10-24	79.529999	79.43	81.099998	78.57	-0.1257
Finance	MS	2022-10-25	78.610001	80.510002	80.669998	78.610001	2.417
Finance	MS	2022-10-26	80.599998	80.910004	82.050003	80.580002	0.3846
Finance	MS	2022-10-27	82.0	80.690002	82.480003	80.599998	-1.5976
Finance	MS	2022-10-28	80.269997	82.220001	82.300003	79.510002	2.4293
Finance	MS	2022-10-29	81.02	82.19	82.83	80.6	1.4441
Finance	MS	2022-10-30	81.39	82.18	83.1	81.15	0.9706
Finance	MS	2022-10-31	81.769997	82.169998	83.360001	81.690002	0.4892
Finance	MS	2022-11-01	83.25	83.720001	83.970001	82.989998	0.5646
Finance	MS	2022-11-02	83.449997	84.370003	86.720001	83.419998	1.1025
Finance	MS	2022-11-03	83.059998	83.620003	84.629997	82.550003	0.6742
Finance	MS	2022-11-04	85.150002	84.849998	85.75	84.0	-0.3523
Finance	MS	2022-11-05	85.33	85.21	85.94	84.56	-0.1406
Finance	MS	2022-11-06	85.42	85.39	86.03	84.84	-0.0351
Finance	MS	2022-11-07	85.519997	85.57	86.129997	85.110001	0.0585
Finance	MS	2022-11-08	85.610001	85.279999	86.230003	84.510002	-0.3855
Finance	MS	2022-11-09	84.879997	83.449997	85.339996	83.190002	-1.6847
Finance	MS	2022-11-10	86.690002	88.800003	88.980003	86.519997	2.434
Finance	MS	2022-11-11	89.0	90.779999	91.690002	89.0	2.0
Finance	MS	2022-11-12	89.63	90.29	91.53	89.4	0.7364
Finance	MS	2022-11-13	89.95	90.05	91.45	89.6	0.1112
Finance	MS	2022-11-14	90.269997	89.809998	91.360001	89.790001	-0.5096
Finance	MS	2022-11-15	91.07	90.5	91.860001	89.360001	-0.6259
Finance	MS	2022-11-16	90.470001	89.82	90.470001	89.059998	-0.7185
Finance	MS	2022-11-17	88.690002	88.949997	89.120003	87.510002	0.2932
Finance	MS	2022-11-18	90.269997	89.199997	90.370003	88.589996	-1.1853
Finance	MS	2022-11-19	89.66	89.14	90.03	88.58	-0.58
Finance	MS	2022-11-20	89.36	89.11	89.86	88.57	-0.2798
Finance	MS	2022-11-21	89.059998	89.080002	89.68	88.57	0.0225
Finance	MS	2022-11-22	89.589996	89.669998	90.190002	89.300003	0.0893
Finance	MS	2022-11-23	89.720001	89.93	90.449997	89.669998	0.2341
Finance	MS	2022-11-24	89.69	90.42	90.76	89.57	0.8139
Finance	MS	2022-11-25	89.650002	90.910004	91.080002	89.470001	1.4055
Finance	MS	2022-11-26	89.92	90.4	91.09	89.58	0.5338
Finance	MS	2022-11-27	90.06	90.14	91.09	89.64	0.0888
Finance	MS	2022-11-28	90.199997	89.889999	91.099998	89.699997	-0.3437
Finance	MS	2022-11-29	89.639999	91.080002	91.470001	89.599998	1.6064
Finance	MS	2022-11-30	91.279999	93.07	93.25	89.129997	1.961
Finance	MS	2022-12-01	93.059998	93.0	93.489998	92.040001	-0.0645
Finance	MS	2022-12-02	91.860001	92.099998	92.660004	91.510002	0.2613
Finance	MS	2022-12-03	91.67	90.95	92.19	90.3	-0.7854
Finance	MS	2022-12-04	91.58	90.38	91.96	89.69	-1.3103
Finance	MS	2022-12-05	91.480003	89.809998	91.720001	89.089996	-1.8255
Finance	MS	2022-12-06	89.620003	87.510002	89.760002	86.410004	-2.3544
Finance	MS	2022-12-07	86.82	87.279999	88.029999	86.709999	0.5298
Finance	MS	2022-12-08	87.68	88.690002	88.790001	87.0	1.1519
Finance	MS	2022-12-09	88.68	89.470001	89.760002	88.370003	0.8908
Finance	MS	2022-12-10	88.85	90.3	90.55	88.33	1.632
Finance	MS	2022-12-11	88.93	90.71	90.94	88.3	2.0016
Finance	MS	2022-12-12	89.010002	91.120003	91.330002	88.279999	2.3705
Finance	MS	2022-12-13	93.660004	92.709999	95.160004	92.07	-1.0143
Finance	MS	2022-12-14	92.510002	90.5	92.68	89.870003	-2.1727
Finance	MS	2022-12-15	89.150002	87.790001	89.190002	86.919998	-1.5255
Finance	MS	2022-12-16	86.529999	86.860001	86.870003	85.830002	0.3814
Finance	MS	2022-12-17	86.63	86.21	86.96	85.4	-0.4848
Finance	MS	2022-12-18	86.68	85.88	87.0	85.18	-0.9229
Finance	MS	2022-12-19	86.739998	85.550003	87.040001	84.959999	-1.3719
Finance	MS	2022-12-20	85.919998	85.160004	86.449997	85.139999	-0.8845
Finance	MS	2022-12-21	86.410004	86.870003	87.82	86.349998	0.5323
Finance	MS	2022-12-22	86.580002	86.370003	86.580002	84.769997	-0.2425
Finance	MS	2022-12-23	86.330002	86.110001	86.580002	85.349998	-0.2548
Finance	MS	2022-12-24	86.35	85.58	86.47	85.15	-0.8917
Finance	MS	2022-12-25	86.36	85.32	86.42	85.05	-1.2043
Finance	MS	2022-12-26	86.36	85.19	86.39	85.0	-1.3548
Finance	MS	2022-12-27	86.360001	85.059998	86.360001	84.940002	-1.5053
Finance	MS	2022-12-28	84.959999	84.459999	85.209999	84.059998	-0.5885
Finance	MS	2022-12-29	84.959999	85.239998	85.589996	84.559998	0.3296
Finance	MS	2022-12-30	84.699997	85.019997	85.199997	84.18	0.3778
Finance	MS	2022-12-31	85.17	85.37	85.9	84.58	0.2348
Finance	MS	2023-01-01	85.4	85.55	86.25	84.78	0.1756
Finance	MS	2023-01-02	85.52	85.64	86.42	84.88	0.1403
Finance	MS	2023-01-03	85.639999	85.720001	86.599998	84.980003	0.0934
Finance	MS	2023-01-04	85.550003	86.650002	87.349998	85.18	1.2858
Finance	MS	2023-01-05	85.900002	85.919998	86.169998	84.830002	0.0233
Finance	MS	2023-01-06	86.440002	87.559998	87.959999	85.709999	1.2957
Finance	MS	2023-01-07	87.35	87.6	88.44	86.56	0.2862
Finance	MS	2023-01-08	87.8	87.62	88.68	86.99	-0.205
Finance	MS	2023-01-09	88.25	87.639999	88.910004	87.410004	-0.6912
Finance	MS	2023-01-10	87.550003	88.919998	88.93	86.839996	1.5648
Finance	MS	2023-01-11	89.370003	89.43	89.809998	88.849998	0.0671
Finance	MS	2023-01-12	90.019997	90.529999	91.809998	89.349998	0.5665
Finance	MS	2023-01-13	89.029999	91.660004	91.980003	88.269997	2.9541
Finance	MS	2023-01-14	92.47	94.37	95.54	91.63	2.0547
Finance	MS	2023-01-15	94.19	95.73	97.32	93.31	1.635
Finance	MS	2023-01-16	95.05	96.41	98.21	94.16	1.4308
Finance	MS	2023-01-17	95.900002	97.080002	99.099998	95.0	1.2304
Finance	MS	2023-01-18	96.800003	96.580002	97.949997	96.339996	-0.2273
Finance	MS	2023-01-19	94.610001	94.150002	94.980003	92.940002	-0.4862
Finance	MS	2023-01-20	94.129997	96.239998	96.279999	93.879997	2.2416
Finance	MS	2023-01-21	95.0	96.68	96.75	94.68	1.7684
Finance	MS	2023-01-22	95.44	96.9	96.99	95.08	1.5298
Finance	MS	2023-01-23	95.870003	97.129997	97.220001	95.489998	1.3143
Finance	MS	2023-01-24	96.279999	95.510002	96.809998	92.919998	-0.7997
Finance	MS	2023-01-25	94.879997	95.639999	95.93	94.440002	0.801
Finance	MS	2023-01-26	96.220001	96.5	96.540001	95.309998	0.291
Finance	MS	2023-01-27	96.410004	96.860001	97.43	95.709999	0.4668
Finance	MS	2023-01-28	95.72	96.41	97.02	95.31	0.7209
Finance	MS	2023-01-29	95.37	96.18	96.82	95.11	0.8493
Finance	MS	2023-01-30	95.029999	95.959999	96.610001	94.919998	0.9786
Finance	MS	2023-01-31	96.290001	97.330002	97.370003	95.760002	1.0801
Finance	MS	2023-02-01	96.949997	98.190002	99.059998	96.93	1.279
Finance	MS	2023-02-02	98.879997	99.209999	100.269997	97.959999	0.3337
Finance	MS	2023-02-03	98.239998	99.43	100.18	98.07	1.2113
Finance	MS	2023-02-04	98.34	99.17	99.69	98.07	0.844
Finance	MS	2023-02-05	98.39	99.04	99.44	98.07	0.6606
Finance	MS	2023-02-06	98.449997	98.900002	99.199997	98.07	0.4571
Finance	MS	2023-02-07	98.769997	99.220001	99.82	98.050003	0.4556
Finance	MS	2023-02-08	98.32	98.959999	99.940002	98.059998	0.6509
Finance	MS	2023-02-09	99.220001	98.050003	99.800003	97.730003	-1.1792
Finance	MS	2023-02-10	97.589996	98.440002	98.599998	97.559998	0.871
Finance	MS	2023-02-11	98.02	98.94	99.18	97.86	0.9386
Finance	MS	2023-02-12	98.24	99.19	99.47	98.01	0.967
Finance	MS	2023-02-13	98.459999	99.43	99.760002	98.160004	0.9852
Finance	MS	2023-02-14	99.050003	100.559998	100.989998	98.970001	1.5245
Finance	MS	2023-02-15	99.510002	100.830002	100.959999	99.5	1.3265
Finance	MS	2023-02-16	99.779999	99.57	100.239998	98.809998	-0.2105
Finance	MS	2023-02-17	98.900002	99.510002	100.019997	98.300003	0.6168
Finance	MS	2023-02-18	98.68	98.57	99.51	97.74	-0.1115
Finance	MS	2023-02-19	98.57	98.1	99.25	97.46	-0.4768
Finance	MS	2023-02-20	98.51	97.86	99.12	97.32	-0.6598
Finance	MS	2023-02-21	98.459999	97.620003	99.0	97.18	-0.8531
Finance	MS	2023-02-22	97.370003	97.269997	98.07	96.620003	-0.1027
Finance	MS	2023-02-23	97.879997	97.940002	98.419998	96.699997	0.0613
Finance	MS	2023-02-24	97.150002	97.699997	97.980003	96.610001	0.5661
Finance	MS	2023-02-25	97.78	97.2	98.23	96.6	-0.5932
Finance	MS	2023-02-26	98.1	96.95	98.36	96.59	-1.1723
Finance	MS	2023-02-27	98.410004	96.699997	98.480003	96.580002	-1.7376
Finance	MS	2023-02-28	97.120003	96.5	97.290001	96.260002	-0.6384
Finance	MS	2023-03-01	95.959999	96.190002	96.760002	95.260002	0.2397
Finance	MS	2023-03-02	95.449997	96.080002	96.370003	94.480003	0.66
Finance	MS	2023-03-03	96.550003	98.330002	98.440002	96.449997	1.8436
Finance	MS	2023-03-04	97.5	98.35	98.82	97.27	0.8718
Finance	MS	2023-03-05	97.97	98.36	99.01	97.68	0.3981
Finance	MS	2023-03-06	98.440002	98.379997	99.199997	98.099998	-0.061
Finance	MS	2023-03-07	98.0	96.059998	98.260002	95.970001	-1.9796
Finance	MS	2023-03-08	95.639999	95.900002	96.5	95.360001	0.2719
Finance	MS	2023-03-09	95.360001	92.199997	95.949997	91.769997	-3.3138
Finance	MS	2023-03-10	91.769997	90.050003	93.010002	89.230003	-1.8742
Finance	MS	2023-03-11	90.15	89.02	91.6	87.94	-1.2535
Finance	MS	2023-03-12	89.35	88.5	90.89	87.3	-0.9513
Finance	MS	2023-03-13	88.540001	87.989998	90.18	86.650002	-0.6212
Finance	MS	2023-03-14	92.410004	89.970001	92.410004	89.120003	-2.6404
Finance	MS	2023-03-15	86.93	85.389999	87.019997	83.68	-1.7715
Finance	MS	2023-03-16	84.550003	87.010002	88.279999	83.279999	2.9095
Finance	MS	2023-03-17	86.489998	84.18	86.5	83.699997	-2.6708
Finance	MS	2023-03-18	85.54	84.91	86.4	84.03	-0.7365
Finance	MS	2023-03-19	85.07	85.27	86.35	84.2	0.2351
Finance	MS	2023-03-20	84.599998	85.639999	86.309998	84.370003	1.2293
Finance	MS	2023-03-21	88.230003	88.760002	89.18	88.0	0.6007
Finance	MS	2023-03-22	88.75	87.550003	90.080002	87.459999	-1.3521
Finance	MS	2023-03-23	87.949997	85.839996	88.800003	85.239998	-2.3991
Finance	MS	2023-03-24	84.510002	83.949997	84.510002	81.720001	-0.6626
Finance	MS	2023-03-25	85.28	84.29	85.42	83.04	-1.1609
Finance	MS	2023-03-26	85.67	84.46	85.87	83.7	-1.4124
Finance	MS	2023-03-27	86.059998	84.639999	86.32	84.360001	-1.65
Finance	MS	2023-03-28	84.559998	84.879997	85.169998	83.93	0.3784
Finance	MS	2023-03-29	85.93	86.239998	86.349998	85.349998	0.3608
Finance	MS	2023-03-30	87.260002	86.110001	87.610001	85.459999	-1.3179
Finance	MS	2023-03-31	86.800003	87.800003	87.870003	86.169998	1.1521
EVs	TSLA	2022-08-01	301.276672	297.276672	311.876678	295.0	-1.3277
EVs	TSLA	2022-08-02	294.003326	300.58667	307.833344	292.666656	2.2392
EVs	TSLA	2022-08-03	305.0	307.396667	309.549988	301.149994	0.7858
EVs	TSLA	2022-08-04	311.0	308.633331	313.606659	305.0	-0.761
EVs	TSLA	2022-08-05	302.670013	288.170013	304.606659	285.543335	-4.7907
EVs	TSLA	2022-08-06	298.84	289.3	304.9	287.32	-3.1923
EVs	TSLA	2022-08-07	296.92	289.86	305.05	288.2	-2.3777
EVs	TSLA	2022-08-08	295.0	290.42334	305.200012	289.08667	-1.5514
EVs	TSLA	2022-08-09	290.293335	283.333344	292.396667	279.353333	-2.3976
EVs	TSLA	2022-08-10	297.066681	294.356659	297.51001	283.369995	-0.9123
EVs	TSLA	2022-08-11	296.513336	286.630005	298.236664	285.833344	-3.3332
EVs	TSLA	2022-08-12	289.416656	300.029999	300.160004	285.033325	3.6672
EVs	TSLA	2022-08-13	295.6	304.68	306.65	293.13	3.0717
EVs	TSLA	2022-08-14	298.69	307.0	309.89	297.18	2.7821
EVs	TSLA	2022-08-15	301.786682	309.320007	313.133331	301.230011	2.4962
EVs	TSLA	2022-08-16	311.666656	306.563324	314.666656	302.883331	-1.6374
EVs	TSLA	2022-08-17	303.396667	303.996674	309.656677	300.033325	0.1978
EVs	TSLA	2022-08-18	306.0	302.869995	306.5	301.853333	-1.0229
EVs	TSLA	2022-08-19	299.0	296.666656	300.359985	292.5	-0.7804
EVs	TSLA	2022-08-20	295.46	293.29	296.38	289.4	-0.7344
EVs	TSLA	2022-08-21	293.69	291.6	294.39	287.85	-0.7116
EVs	TSLA	2022-08-22	291.91333	289.91333	292.399994	286.296661	-0.6851
EVs	TSLA	2022-08-23	291.453339	296.453339	298.82666	287.92334	1.7155
EVs	TSLA	2022-08-24	297.563324	297.09668	303.646667	296.5	-0.1568
EVs	TSLA	2022-08-25	302.359985	296.070007	302.959991	291.600006	-2.0803
EVs	TSLA	2022-08-26	297.429993	288.089996	302.0	287.470001	-3.1402
EVs	TSLA	2022-08-27	290.13	286.46	294.87	284.09	-1.265
EVs	TSLA	2022-08-28	286.48	285.64	291.3	282.4	-0.2932
EVs	TSLA	2022-08-29	282.829987	284.820007	287.73999	280.700012	0.7036
EVs	TSLA	2022-08-30	287.869995	277.700012	288.480011	272.649994	-3.5328
EVs	TSLA	2022-08-31	280.619995	275.609985	281.25	271.809998	-1.7853
EVs	TSLA	2022-09-01	272.579987	277.160004	277.579987	266.149994	1.6802
EVs	TSLA	2022-09-02	281.070007	270.209991	282.350006	269.079987	-3.8638
EVs	TSLA	2022-09-03	276.88	272.32	279.17	267.41	-1.6469
EVs	TSLA	2022-09-04	274.78	273.37	277.58	266.57	-0.5131
EVs	TSLA	2022-09-05	273.73	273.9	276.78	266.15	0.0621
EVs	TSLA	2022-09-06	272.679993	274.420013	275.98999	265.73999	0.6381
EVs	TSLA	2022-09-07	273.100006	283.700012	283.839996	272.269989	3.8814
EVs	TSLA	2022-09-08	281.299988	289.26001	289.5	279.76001	2.8297
EVs	TSLA	2022-09-09	291.670013	299.679993	299.850006	291.25	2.7462
EVs	TSLA	2022-09-10	296.2	302.05	302.67	295.82	1.975
EVs	TSLA	2022-09-11	298.46	303.24	304.08	298.11	1.6016
EVs	TSLA	2022-09-12	300.720001	304.420013	305.48999	300.399994	1.2304
EVs	TSLA	2022-09-13	292.899994	292.130005	297.399994	290.399994	-0.2629
EVs	TSLA	2022-09-14	292.23999	302.609985	306.0	291.640015	3.5485
EVs	TSLA	2022-09-15	301.829987	303.75	309.119995	300.720001	0.6361
EVs	TSLA	2022-09-16	299.609985	303.350006	303.709991	295.600006	1.2483
EVs	TSLA	2022-09-17	299.85	306.21	306.77	296.7	2.1211
EVs	TSLA	2022-09-18	299.97	307.64	308.3	297.25	2.5569
EVs	TSLA	2022-09-19	300.089996	309.070007	309.839996	297.799988	2.9924
EVs	TSLA	2022-09-20	306.910004	308.730011	313.329987	305.579987	0.593
EVs	TSLA	2022-09-21	308.290009	300.799988	313.799988	300.630005	-2.4295
EVs	TSLA	2022-09-22	299.859985	288.589996	301.290009	285.820007	-3.7584
EVs	TSLA	2022-09-23	283.089996	275.329987	284.5	272.820007	-2.7412
EVs	TSLA	2022-09-24	277.46	275.67	284.29	271.57	-0.6451
EVs	TSLA	2022-09-25	274.64	275.84	284.19	270.94	0.4369
EVs	TSLA	2022-09-26	271.829987	276.01001	284.089996	270.309998	1.5377
EVs	TSLA	2022-09-27	283.839996	282.940002	288.670013	277.51001	-0.3171
EVs	TSLA	2022-09-28	283.079987	287.809998	289.0	277.570007	1.6709
EVs	TSLA	2022-09-29	282.76001	268.209991	283.649994	265.779999	-5.1457
EVs	TSLA	2022-09-30	266.149994	265.25	275.570007	262.470001	-0.3382
EVs	TSLA	2022-10-01	260.32	253.82	265.37	251.74	-2.4969
EVs	TSLA	2022-10-02	257.41	248.11	260.27	246.37	-3.6129
EVs	TSLA	2022-10-03	254.5	242.399994	255.160004	241.009995	-4.7544
EVs	TSLA	2022-10-04	250.520004	249.440002	257.5	242.009995	-0.4311
EVs	TSLA	2022-10-05	245.009995	240.809998	246.669998	233.270004	-1.7142
EVs	TSLA	2022-10-06	239.440002	238.130005	244.580002	235.350006	-0.5471
EVs	TSLA	2022-10-07	233.940002	223.070007	234.570007	222.020004	-4.6465
EVs	TSLA	2022-10-08	228.93	223.02	230.78	220.19	-2.5816
EVs	TSLA	2022-10-09	226.43	222.99	228.89	219.28	-1.5192
EVs	TSLA	2022-10-10	223.929993	222.960007	226.990005	218.360001	-0.4332
EVs	TSLA	2022-10-11	220.949997	216.5	225.75	215.0	-2.014
EVs	TSLA	2022-10-12	215.330002	217.240005	219.300003	211.509995	0.887
EVs	TSLA	2022-10-13	208.300003	221.720001	222.990005	206.220001	6.4426
EVs	TSLA	2022-10-14	224.009995	204.990005	226.259995	204.160004	-8.4907
EVs	TSLA	2022-10-15	217.02	212.17	224.06	206.81	-2.2348
EVs	TSLA	2022-10-16	213.53	215.76	222.96	208.13	1.0443
EVs	TSLA	2022-10-17	210.039993	219.350006	221.860001	209.449997	4.4325
EVs	TSLA	2022-10-18	229.5	220.190002	229.820007	217.25	-4.0566
EVs	TSLA	2022-10-19	219.800003	222.039993	222.929993	217.779999	1.0191
EVs	TSLA	2022-10-20	208.279999	207.279999	215.550003	202.0	-0.4801
EVs	TSLA	2022-10-21	206.419998	214.440002	214.660004	203.800003	3.8853
EVs	TSLA	2022-10-22	206.12	212.85	214.08	201.19	3.2651
EVs	TSLA	2022-10-23	205.97	212.05	213.79	199.89	2.9519
EVs	TSLA	2022-10-24	205.820007	211.25	213.5	198.589996	2.6382
EVs	TSLA	2022-10-25	210.100006	222.419998	224.350006	210.0	5.8639
EVs	TSLA	2022-10-26	219.399994	224.639999	230.600006	218.199997	2.3883
EVs	TSLA	2022-10-27	229.770004	225.089996	233.809998	222.850006	-2.0368
EVs	TSLA	2022-10-28	225.399994	228.520004	228.860001	216.350006	1.3842
EVs	TSLA	2022-10-29	225.79	228.03	229.36	219.15	0.9921
EVs	TSLA	2022-10-30	225.99	227.78	229.61	220.55	0.7921
EVs	TSLA	2022-10-31	226.190002	227.539993	229.850006	221.940002	0.5968
EVs	TSLA	2022-11-01	234.050003	227.820007	237.399994	227.279999	-2.6618
EVs	TSLA	2022-11-02	226.039993	214.979996	227.869995	214.820007	-4.8929
EVs	TSLA	2022-11-03	211.360001	215.309998	221.199997	210.139999	1.8688
EVs	TSLA	2022-11-04	222.600006	207.470001	223.800003	203.080002	-6.7969
EVs	TSLA	2022-11-05	215.62	202.28	216.35	199.87	-6.1868
EVs	TSLA	2022-11-06	212.13	199.68	212.62	198.27	-5.869
EVs	TSLA	2022-11-07	208.649994	197.080002	208.899994	196.660004	-5.5452
EVs	TSLA	2022-11-08	194.020004	191.300003	195.199997	186.75	-1.4019
EVs	TSLA	2022-11-09	190.779999	177.589996	195.889999	177.119995	-6.9137
EVs	TSLA	2022-11-10	189.899994	190.720001	191.0	180.029999	0.4318
EVs	TSLA	2022-11-11	186.0	195.970001	196.520004	182.589996	5.3602
EVs	TSLA	2022-11-12	189.39	193.46	196.12	184.46	2.149
EVs	TSLA	2022-11-13	191.08	192.2	195.92	185.4	0.5861
EVs	TSLA	2022-11-14	192.770004	190.949997	195.729996	186.339996	-0.9441
EVs	TSLA	2022-11-15	195.880005	194.419998	200.820007	192.059998	-0.7454
EVs	TSLA	2022-11-16	191.509995	186.919998	192.570007	185.660004	-2.3967
EVs	TSLA	2022-11-17	183.960007	183.169998	186.160004	180.899994	-0.4294
EVs	TSLA	2022-11-18	185.050003	180.190002	185.190002	176.550003	-2.6263
EVs	TSLA	2022-11-19	180.45	174.03	180.98	172.04	-3.5578
EVs	TSLA	2022-11-20	178.15	170.95	178.88	169.79	-4.0415
EVs	TSLA	2022-11-21	175.850006	167.869995	176.770004	167.539993	-4.538
EVs	TSLA	2022-11-22	168.630005	169.910004	170.919998	166.190002	0.7591
EVs	TSLA	2022-11-23	173.570007	183.199997	183.619995	172.5	5.5482
EVs	TSLA	2022-11-24	179.32	183.03	184.41	176.57	2.0689
EVs	TSLA	2022-11-25	185.059998	182.860001	185.199997	180.630005	-1.1888
EVs	TSLA	2022-11-26	182.51	182.89	186.85	179.82	0.2082
EVs	TSLA	2022-11-27	181.24	182.9	187.68	179.41	0.9159
EVs	TSLA	2022-11-28	179.960007	182.919998	188.5	179.0	1.6448
EVs	TSLA	2022-11-29	184.990005	180.830002	186.380005	178.75	-2.2488
EVs	TSLA	2022-11-30	182.429993	194.699997	194.759995	180.630005	6.7259
EVs	TSLA	2022-12-01	197.080002	194.699997	198.919998	191.800003	-1.2076
EVs	TSLA	2022-12-02	191.779999	194.860001	196.25	191.110001	1.606
EVs	TSLA	2022-12-03	190.61	188.65	193.76	185.83	-1.0283
EVs	TSLA	2022-12-04	190.03	185.55	192.52	183.19	-2.3575
EVs	TSLA	2022-12-05	189.440002	182.449997	191.270004	180.550003	-3.6898
EVs	TSLA	2022-12-06	181.220001	179.820007	183.649994	175.330002	-0.7725
EVs	TSLA	2022-12-07	175.029999	174.039993	179.380005	172.220001	-0.5656
EVs	TSLA	2022-12-08	172.199997	173.440002	175.199997	169.059998	0.7201
EVs	TSLA	2022-12-09	173.839996	179.050003	182.5	173.360001	2.997
EVs	TSLA	2022-12-10	174.97	173.44	179.93	170.44	-0.8744
EVs	TSLA	2022-12-11	175.54	170.63	178.65	168.98	-2.7971
EVs	TSLA	2022-12-12	176.100006	167.820007	177.369995	167.520004	-4.7019
EVs	TSLA	2022-12-13	174.869995	160.949997	175.050003	156.910004	-7.9602
EVs	TSLA	2022-12-14	159.25	156.800003	161.619995	155.309998	-1.5385
EVs	TSLA	2022-12-15	153.440002	157.669998	160.929993	153.279999	2.7568
EVs	TSLA	2022-12-16	159.639999	150.229996	160.990005	150.039993	-5.8945
EVs	TSLA	2022-12-17	156.82	150.05	158.12	147.93	-4.3171
EVs	TSLA	2022-12-18	155.41	149.96	156.69	146.88	-3.5069
EVs	TSLA	2022-12-19	154.0	149.869995	155.25	145.820007	-2.6818
EVs	TSLA	2022-12-20	146.050003	137.800003	148.470001	137.660004	-5.6488
EVs	TSLA	2022-12-21	139.339996	137.570007	141.259995	135.889999	-1.2703
EVs	TSLA	2022-12-22	136.0	125.349998	136.630005	122.260002	-7.8309
EVs	TSLA	2022-12-23	126.370003	123.150002	128.619995	121.019997	-2.5481
EVs	TSLA	2022-12-24	121.94	116.12	124.14	114.89	-4.7728
EVs	TSLA	2022-12-25	119.72	112.61	121.9	111.83	-5.9389
EVs	TSLA	2022-12-26	118.61	110.85	120.78	110.3	-6.5425
EVs	TSLA	2022-12-27	117.5	109.099998	119.669998	108.760002	-7.1489
EVs	TSLA	2022-12-28	110.349998	112.709999	116.269997	108.239998	2.1387
EVs	TSLA	2022-12-29	120.389999	121.82	123.57	117.5	1.1878
EVs	TSLA	2022-12-30	119.949997	123.18	124.480003	119.75	2.6928
EVs	TSLA	2022-12-31	119.21	115.64	121.64	112.19	-2.9947
EVs	TSLA	2023-01-01	118.84	111.87	120.22	108.41	-5.865
EVs	TSLA	2023-01-02	118.66	109.98	119.51	106.52	-7.315
EVs	TSLA	2023-01-03	118.470001	108.099998	118.800003	104.639999	-8.7533
EVs	TSLA	2023-01-04	109.110001	113.639999	114.589996	107.519997	4.1518
EVs	TSLA	2023-01-05	110.510002	110.339996	111.75	107.160004	-0.1538
EVs	TSLA	2023-01-06	103.0	113.059998	114.389999	101.809998	9.767
EVs	TSLA	2023-01-07	110.98	116.41	118.95	109.46	4.8928
EVs	TSLA	2023-01-08	114.97	118.09	121.23	113.29	2.7138
EVs	TSLA	2023-01-09	118.959999	119.769997	123.519997	117.110001	0.6809
EVs	TSLA	2023-01-10	121.07	118.849998	122.760002	114.919998	-1.8337
EVs	TSLA	2023-01-11	122.089996	123.220001	125.949997	120.510002	0.9256
EVs	TSLA	2023-01-12	122.559998	123.559998	124.129997	117.0	0.8159
EVs	TSLA	2023-01-13	116.550003	122.400002	122.629997	115.599998	5.0193
EVs	TSLA	2023-01-14	121.12	126.95	127.16	120.31	4.8134
EVs	TSLA	2023-01-15	123.41	129.22	129.43	122.66	4.7079
EVs	TSLA	2023-01-16	124.55	130.36	130.56	123.84	4.6648
EVs	TSLA	2023-01-17	125.699997	131.490005	131.699997	125.019997	4.6062
EVs	TSLA	2023-01-18	136.559998	128.779999	136.679993	127.010002	-5.6971
EVs	TSLA	2023-01-19	127.260002	127.169998	129.990005	124.309998	-0.0707
EVs	TSLA	2023-01-20	128.679993	133.419998	133.509995	127.349998	3.6836
EVs	TSLA	2023-01-21	132.27	138.58	139.44	130.81	4.7705
EVs	TSLA	2023-01-22	134.07	141.17	142.41	132.54	5.2957
EVs	TSLA	2023-01-23	135.869995	143.75	145.380005	134.270004	5.7997
EVs	TSLA	2023-01-24	143.0	143.889999	146.5	141.100006	0.6224
EVs	TSLA	2023-01-25	141.910004	144.429993	146.410004	138.070007	1.7758
EVs	TSLA	2023-01-26	159.970001	160.270004	161.419998	154.759995	0.1875
EVs	TSLA	2023-01-27	162.429993	177.899994	180.679993	161.169998	9.5241
EVs	TSLA	2023-01-28	170.24	172.28	180.22	163.83	1.1983
EVs	TSLA	2023-01-29	174.15	169.47	180.0	165.17	-2.6873
EVs	TSLA	2023-01-30	178.050003	166.660004	179.770004	166.5	-6.3971
EVs	TSLA	2023-01-31	164.570007	173.220001	174.300003	162.779999	5.2561
EVs	TSLA	2023-02-01	173.889999	181.410004	183.809998	169.929993	4.3246
EVs	TSLA	2023-02-02	187.330002	188.270004	196.75	182.610001	0.5018
EVs	TSLA	2023-02-03	183.949997	189.979996	199.0	183.690002	3.2781
EVs	TSLA	2023-02-04	188.48	192.37	198.58	186.81	2.0639
EVs	TSLA	2023-02-05	190.74	193.56	198.37	188.36	1.4785
EVs	TSLA	2023-02-06	193.009995	194.759995	198.169998	189.919998	0.9067
EVs	TSLA	2023-02-07	196.429993	196.809998	197.5	189.550003	0.1935
EVs	TSLA	2023-02-08	196.100006	201.289993	203.0	194.309998	2.6466
EVs	TSLA	2023-02-09	207.779999	207.320007	214.0	204.770004	-0.2214
EVs	TSLA	2023-02-10	202.229996	196.889999	206.199997	192.889999	-2.6406
EVs	TSLA	2023-02-11	198.32	195.76	201.25	190.25	-1.2908
EVs	TSLA	2023-02-12	196.37	195.2	198.78	188.93	-0.5958
EVs	TSLA	2023-02-13	194.419998	194.639999	196.300003	187.610001	0.1132
EVs	TSLA	2023-02-14	191.940002	209.25	209.820007	189.440002	9.0184
EVs	TSLA	2023-02-15	211.759995	214.240005	214.660004	206.110001	1.1711
EVs	TSLA	2023-02-16	210.779999	202.039993	217.649994	201.839996	-4.1465
EVs	TSLA	2023-02-17	199.990005	208.309998	208.440002	197.5	4.1602
EVs	TSLA	2023-02-18	202.49	202.84	209.08	197.36	0.1728
EVs	TSLA	2023-02-19	203.74	200.1	209.4	197.29	-1.7866
EVs	TSLA	2023-02-20	204.37	198.73	209.56	197.26	-2.7597
EVs	TSLA	2023-02-21	204.990005	197.369995	209.710007	197.220001	-3.7173
EVs	TSLA	2023-02-22	197.929993	200.860001	201.990005	191.779999	1.4803
EVs	TSLA	2023-02-23	203.910004	202.070007	205.139999	196.330002	-0.9024
EVs	TSLA	2023-02-24	196.330002	196.880005	197.669998	192.800003	0.2801
EVs	TSLA	2023-02-25	199.18	202.26	203.54	197.03	1.5463
EVs	TSLA	2023-02-26	200.6	204.95	206.48	199.14	2.1685
EVs	TSLA	2023-02-27	202.029999	207.630005	209.419998	201.259995	2.7719
EVs	TSLA	2023-02-28	210.589996	205.710007	211.229996	203.75	-2.3173
EVs	TSLA	2023-03-01	206.210007	202.770004	207.199997	198.520004	-1.6682
EVs	TSLA	2023-03-02	186.740005	190.899994	193.75	186.009995	2.2277
EVs	TSLA	2023-03-03	194.800003	197.789993	200.479996	192.880005	1.5349
EVs	TSLA	2023-03-04	196.67	195.8	199.54	192.59	-0.4424
EVs	TSLA	2023-03-05	197.6	194.8	199.07	192.45	-1.417
EVs	TSLA	2023-03-06	198.539993	193.809998	198.600006	192.300003	-2.3824
EVs	TSLA	2023-03-07	191.380005	187.710007	194.199997	186.100006	-1.9176
EVs	TSLA	2023-03-08	185.039993	182.0	186.5	180.0	-1.6429
EVs	TSLA	2023-03-09	180.25	172.919998	185.179993	172.509995	-4.0666
EVs	TSLA	2023-03-10	175.130005	173.440002	178.289993	168.440002	-0.965
EVs	TSLA	2023-03-11	171.3	173.96	177.82	166.18	1.5528
EVs	TSLA	2023-03-12	169.38	174.22	177.59	165.05	2.8575
EVs	TSLA	2023-03-13	167.460007	174.479996	177.350006	163.910004	4.192
EVs	TSLA	2023-03-14	177.309998	183.259995	183.800003	177.139999	3.3557
EVs	TSLA	2023-03-15	180.800003	180.449997	182.339996	176.029999	-0.1936
EVs	TSLA	2023-03-16	180.369995	184.130005	185.809998	178.839996	2.0846
EVs	TSLA	2023-03-17	184.520004	180.130005	186.220001	177.330002	-2.3791
EVs	TSLA	2023-03-18	181.3	181.69	186.33	176.84	0.2151
EVs	TSLA	2023-03-19	179.69	182.47	186.39	176.6	1.5471
EVs	TSLA	2023-03-20	178.080002	183.25	186.440002	176.350006	2.9032
EVs	TSLA	2023-03-21	188.279999	197.580002	198.0	188.039993	4.9395
EVs	TSLA	2023-03-22	199.300003	191.149994	200.660004	190.949997	-4.0893
EVs	TSLA	2023-03-23	195.259995	192.220001	199.309998	188.649994	-1.5569
EVs	TSLA	2023-03-24	191.649994	190.410004	192.360001	187.149994	-0.647
EVs	TSLA	2023-03-25	193.03	191.11	194.88	188.54	-0.9947
EVs	TSLA	2023-03-26	193.72	191.46	196.13	189.24	-1.1666
EVs	TSLA	2023-03-27	194.419998	191.809998	197.389999	189.940002	-1.3425
EVs	TSLA	2023-03-28	192.0	189.190002	192.350006	185.429993	-1.4635
EVs	TSLA	2023-03-29	193.130005	193.880005	195.289993	189.440002	0.3883
EVs	TSLA	2023-03-30	195.580002	195.279999	197.330002	194.419998	-0.1534
EVs	TSLA	2023-03-31	197.529999	207.460007	207.789993	197.199997	5.0271
Tech	GOOGL	2022-08-01	115.300003	114.860001	116.720001	114.339996	-0.3816
Tech	GOOGL	2022-08-02	114.0	115.129997	116.349998	113.720001	0.9912
Tech	GOOGL	2022-08-03	115.709999	118.080002	118.620003	115.480003	2.0482
Tech	GOOGL	2022-08-04	117.480003	118.190002	118.779999	116.889999	0.6044
Tech	GOOGL	2022-08-05	116.230003	117.470001	118.110001	116.0	1.0668
Tech	GOOGL	2022-08-06	117.31	117.39	119.13	116.44	0.0682
Tech	GOOGL	2022-08-07	117.85	117.35	119.64	116.66	-0.4243
Tech	GOOGL	2022-08-08	118.389999	117.300003	120.150002	116.879997	-0.9207
Tech	GOOGL	2022-08-09	117.139999	116.629997	117.32	115.709999	-0.4354
Tech	GOOGL	2022-08-10	118.779999	119.699997	120.919998	118.410004	0.7745
Tech	GOOGL	2022-08-11	121.279999	118.839996	121.489998	118.559998	-2.0119
Tech	GOOGL	2022-08-12	120.260002	121.68	121.68	119.459999	1.1808
Tech	GOOGL	2022-08-13	120.69	121.88	121.99	120.03	0.986
Tech	GOOGL	2022-08-14	120.91	121.98	122.15	120.32	0.885
Tech	GOOGL	2022-08-15	121.129997	122.080002	122.300003	120.610001	0.7843
Tech	GOOGL	2022-08-16	121.519997	121.699997	122.43	120.639999	0.1481
Tech	GOOGL	2022-08-17	120.120003	119.550003	121.290001	119.379997	-0.4745
Tech	GOOGL	2022-08-18	119.43	120.169998	120.82	118.720001	0.6196
Tech	GOOGL	2022-08-19	119.059998	117.209999	119.150002	116.760002	-1.5538
Tech	GOOGL	2022-08-20	117.13	115.72	117.39	115.31	-1.2038
Tech	GOOGL	2022-08-21	116.16	114.98	116.51	114.58	-1.0158
Tech	GOOGL	2022-08-22	115.199997	114.239998	115.629997	113.849998	-0.8333
Tech	GOOGL	2022-08-23	113.480003	113.860001	115.010002	113.43	0.3349
Tech	GOOGL	2022-08-24	113.5	113.690002	114.779999	112.870003	0.1674
Tech	GOOGL	2022-08-25	114.239998	116.650002	116.720001	114.110001	2.1096
Tech	GOOGL	2022-08-26	114.720001	110.339996	115.120003	110.190002	-3.818
Tech	GOOGL	2022-08-27	112.35	109.88	113.03	109.5	-2.1985
Tech	GOOGL	2022-08-28	111.17	109.65	111.99	109.15	-1.3673
Tech	GOOGL	2022-08-29	109.989998	109.419998	110.949997	108.800003	-0.5182
Tech	GOOGL	2022-08-30	110.169998	108.940002	110.5	107.800003	-1.1165
Tech	GOOGL	2022-08-31	110.650002	108.220001	110.849998	108.129997	-2.1961
Tech	GOOGL	2022-09-01	108.279999	109.739998	110.449997	107.360001	1.3484
Tech	GOOGL	2022-09-02	110.589996	107.849998	110.739998	107.260002	-2.4776
Tech	GOOGL	2022-09-03	108.94	107.33	109.38	106.52	-1.4779
Tech	GOOGL	2022-09-04	108.12	107.07	108.7	106.15	-0.9711
Tech	GOOGL	2022-09-05	107.71	106.94	108.36	105.96	-0.7149
Tech	GOOGL	2022-09-06	107.300003	106.809998	108.029999	105.779999	-0.4567
Tech	GOOGL	2022-09-07	107.059998	109.449997	109.980003	106.900002	2.2324
Tech	GOOGL	2022-09-08	108.040001	108.379997	109.599998	107.160004	0.3147
Tech	GOOGL	2022-09-09	109.07	110.650002	110.989998	109.019997	1.4486
Tech	GOOGL	2022-09-10	110.03	110.76	111.31	109.47	0.6635
Tech	GOOGL	2022-09-11	110.51	110.81	111.47	109.7	0.2715
Tech	GOOGL	2022-09-12	110.989998	110.860001	111.620003	109.93	-0.1171
Tech	GOOGL	2022-09-13	107.800003	104.32	108.300003	104.089996	-3.2282
Tech	GOOGL	2022-09-14	104.57	105.0	105.279999	103.660004	0.4112
Tech	GOOGL	2022-09-15	104.029999	102.910004	105.269997	102.349998	-1.0766
Tech	GOOGL	2022-09-16	102.07	102.800003	103.129997	100.940002	0.7152
Tech	GOOGL	2022-09-17	101.91	102.94	103.23	101.25	1.0107
Tech	GOOGL	2022-09-18	101.83	103.0	103.28	101.4	1.149
Tech	GOOGL	2022-09-19	101.75	103.07	103.330002	101.550003	1.2973
Tech	GOOGL	2022-09-20	102.080002	101.139999	102.370003	100.519997	-0.9208
Tech	GOOGL	2022-09-21	101.669998	99.279999	102.879997	99.269997	-2.3507
Tech	GOOGL	2022-09-22	98.82	100.139999	101.239998	98.790001	1.3358
Tech	GOOGL	2022-09-23	99.629997	98.739998	99.660004	97.470001	-0.8933
Tech	GOOGL	2022-09-24	98.86	98.45	99.77	97.64	-0.4147
Tech	GOOGL	2022-09-25	98.48	98.31	99.82	97.72	-0.1726
Tech	GOOGL	2022-09-26	98.099998	98.169998	99.879997	97.800003	0.0714
Tech	GOOGL	2022-09-27	99.43	97.5	100.0	96.870003	-1.9411
Tech	GOOGL	2022-09-28	97.650002	100.050003	100.699997	97.110001	2.4578
Tech	GOOGL	2022-09-29	98.639999	97.419998	98.639999	95.959999	-1.2368
Tech	GOOGL	2022-09-30	97.050003	95.650002	98.900002	95.559998	-1.4426
Tech	GOOGL	2022-10-01	96.91	97.15	99.1	96.04	0.2477
Tech	GOOGL	2022-10-02	96.84	97.89	99.2	96.28	1.0843
Tech	GOOGL	2022-10-03	96.760002	98.639999	99.290001	96.519997	1.9429
Tech	GOOGL	2022-10-04	100.440002	101.639999	101.839996	100.379997	1.1947
Tech	GOOGL	2022-10-05	99.830002	101.43	101.93	98.800003	1.6027
Tech	GOOGL	2022-10-06	100.68	101.419998	102.93	100.589996	0.735
Tech	GOOGL	2022-10-07	99.849998	98.68	100.529999	98.300003	-1.1718
Tech	GOOGL	2022-10-08	99.42	98.27	99.81	97.66	-1.1567
Tech	GOOGL	2022-10-09	99.21	98.07	99.45	97.34	-1.1491
Tech	GOOGL	2022-10-10	99.0	97.860001	99.099998	97.010002	-1.1515
Tech	GOOGL	2022-10-11	97.43	97.18	99.25	96.309998	-0.2566
Tech	GOOGL	2022-10-12	97.300003	97.559998	98.75	96.739998	0.2672
Tech	GOOGL	2022-10-13	95.150002	99.059998	99.779999	94.379997	4.1093
Tech	GOOGL	2022-10-14	99.989998	96.559998	100.690002	96.370003	-3.4303
Tech	GOOGL	2022-10-15	99.42	98.26	100.81	97.6	-1.1668
Tech	GOOGL	2022-10-16	99.14	99.12	100.87	98.22	-0.0202
Tech	GOOGL	2022-10-17	98.860001	99.970001	100.93	98.830002	1.1228
Tech	GOOGL	2022-10-18	103.129997	100.769997	103.470001	99.970001	-2.2884
Tech	GOOGL	2022-10-19	100.010002	99.629997	101.019997	98.919998	-0.38
Tech	GOOGL	2022-10-20	100.0	99.970001	102.32	99.389999	-0.03
Tech	GOOGL	2022-10-21	97.849998	101.129997	101.309998	97.720001	3.3521
Tech	GOOGL	2022-10-22	99.83	101.82	102.03	98.85	1.9934
Tech	GOOGL	2022-10-23	100.82	102.17	102.39	99.42	1.339
Tech	GOOGL	2022-10-24	101.800003	102.519997	102.75	99.980003	0.7073
Tech	GOOGL	2022-10-25	102.900002	104.480003	104.82	102.720001	1.5355
Tech	GOOGL	2022-10-26	96.43	94.93	98.309998	94.690002	-1.5555
Tech	GOOGL	2022-10-27	94.519997	92.220001	95.43	91.800003	-2.4333
Tech	GOOGL	2022-10-28	92.269997	96.290001	96.550003	92.129997	4.3568
Tech	GOOGL	2022-10-29	93.84	95.4	96.29	93.06	1.6624
Tech	GOOGL	2022-10-30	94.63	94.96	96.16	93.52	0.3487
Tech	GOOGL	2022-10-31	95.419998	94.510002	96.029999	93.980003	-0.9537
Tech	GOOGL	2022-11-01	95.449997	90.470001	96.029999	90.370003	-5.2174
Tech	GOOGL	2022-11-02	90.940002	86.970001	91.18	86.879997	-4.3655
Tech	GOOGL	2022-11-03	86.32	83.43	86.519997	83.339996	-3.348
Tech	GOOGL	2022-11-04	85.400002	86.580002	86.639999	83.709999	1.3817
Tech	GOOGL	2022-11-05	86.34	87.53	87.77	85.28	1.3783
Tech	GOOGL	2022-11-06	86.81	88.01	88.34	86.06	1.3823
Tech	GOOGL	2022-11-07	87.279999	88.489998	88.900002	86.849998	1.3863
Tech	GOOGL	2022-11-08	88.900002	88.900002	90.32	87.589996	0.0
Tech	GOOGL	2022-11-09	88.449997	87.32	89.440002	87.279999	-1.2776
Tech	GOOGL	2022-11-10	92.25	93.940002	94.389999	91.610001	1.832
Tech	GOOGL	2022-11-11	94.690002	96.410004	96.93	93.919998	1.8165
Tech	GOOGL	2022-11-12	94.89	96.06	96.86	94.22	1.233
Tech	GOOGL	2022-11-13	94.99	95.88	96.83	94.37	0.9369
Tech	GOOGL	2022-11-14	95.089996	95.699997	96.790001	94.510002	0.6415
Tech	GOOGL	2022-11-15	98.260002	98.440002	100.139999	96.709999	0.1832
Tech	GOOGL	2022-11-16	97.900002	98.849998	99.639999	97.639999	0.9704
Tech	GOOGL	2022-11-17	96.970001	98.360001	99.279999	96.790001	1.4334
Tech	GOOGL	2022-11-18	98.769997	97.43	98.900002	96.370003	-1.3567
Tech	GOOGL	2022-11-19	98.03	96.51	98.65	95.87	-1.5505
Tech	GOOGL	2022-11-20	97.66	96.05	98.53	95.62	-1.6486
Tech	GOOGL	2022-11-21	97.290001	95.599998	98.400002	95.360001	-1.7371
Tech	GOOGL	2022-11-22	95.949997	97.050003	97.220001	94.050003	1.1464
Tech	GOOGL	2022-11-23	97.089996	98.459999	98.760002	97.089996	1.4111
Tech	GOOGL	2022-11-24	97.66	97.96	98.7	97.24	0.3072
Tech	GOOGL	2022-11-25	98.239998	97.459999	98.639999	97.400002	-0.794
Tech	GOOGL	2022-11-26	97.64	96.76	98.11	96.51	-0.9013
Tech	GOOGL	2022-11-27	97.34	96.41	97.85	96.06	-0.9554
Tech	GOOGL	2022-11-28	97.040001	96.050003	97.580002	95.610001	-1.0202
Tech	GOOGL	2022-11-29	95.730003	95.190002	96.120003	94.110001	-0.5641
Tech	GOOGL	2022-11-30	94.82	100.989998	101.040001	94.419998	6.5071
Tech	GOOGL	2022-12-01	101.019997	100.989998	102.25	100.25	-0.0297
Tech	GOOGL	2022-12-02	99.050003	100.440002	100.769997	98.900002	1.4033
Tech	GOOGL	2022-12-03	99.23	99.96	101.07	98.95	0.7357
Tech	GOOGL	2022-12-04	99.32	99.72	101.22	98.97	0.4027
Tech	GOOGL	2022-12-05	99.400002	99.480003	101.379997	99.0	0.0805
Tech	GOOGL	2022-12-06	99.300003	96.980003	99.779999	96.419998	-2.3364
Tech	GOOGL	2022-12-07	96.410004	94.940002	96.879997	94.720001	-1.5247
Tech	GOOGL	2022-12-08	95.379997	93.709999	95.580002	93.449997	-1.7509
Tech	GOOGL	2022-12-09	93.769997	92.830002	94.260002	92.75	-1.0024
Tech	GOOGL	2022-12-10	93.24	93.07	93.91	92.18	-0.1823
Tech	GOOGL	2022-12-11	92.97	93.19	93.73	91.9	0.2366
Tech	GOOGL	2022-12-12	92.709999	93.309998	93.559998	91.610001	0.6472
Tech	GOOGL	2022-12-13	97.760002	95.629997	99.529999	95.029999	-2.1788
Tech	GOOGL	2022-12-14	95.199997	95.07	96.870003	93.599998	-0.1366
Tech	GOOGL	2022-12-15	93.129997	90.860001	93.639999	90.010002	-2.4374
Tech	GOOGL	2022-12-16	90.760002	90.260002	91.330002	89.519997	-0.5509
Tech	GOOGL	2022-12-17	90.51	89.35	90.94	88.86	-1.2816
Tech	GOOGL	2022-12-18	90.39	88.9	90.75	88.53	-1.6484
Tech	GOOGL	2022-12-19	90.260002	88.440002	90.559998	88.209999	-2.0164
Tech	GOOGL	2022-12-20	88.110001	89.019997	89.18	87.440002	1.0328
Tech	GOOGL	2022-12-21	89.080002	89.580002	90.220001	88.32	0.5613
Tech	GOOGL	2022-12-22	88.160004	87.760002	88.540001	86.32	-0.4537
Tech	GOOGL	2022-12-23	87.110001	89.230003	89.550003	87.07	2.4337
Tech	GOOGL	2022-12-24	87.96	88.31	89.25	87.04	0.3979
Tech	GOOGL	2022-12-25	88.38	87.85	89.1	87.03	-0.5997
Tech	GOOGL	2022-12-26	88.59	87.62	89.02	87.02	-1.0949
Tech	GOOGL	2022-12-27	88.800003	87.389999	88.940002	87.010002	-1.5878
Tech	GOOGL	2022-12-28	86.980003	86.019997	88.040001	85.940002	-1.1037
Tech	GOOGL	2022-12-29	86.620003	88.449997	88.849998	86.610001	2.1127
Tech	GOOGL	2022-12-30	86.980003	88.230003	88.300003	86.57	1.4371
Tech	GOOGL	2022-12-31	88.28	88.68	89.68	87.54	0.4531
Tech	GOOGL	2023-01-01	88.93	88.9	90.37	88.03	-0.0337
Tech	GOOGL	2023-01-02	89.26	89.01	90.71	88.27	-0.2801
Tech	GOOGL	2023-01-03	89.589996	89.120003	91.050003	88.519997	-0.5246
Tech	GOOGL	2023-01-04	90.349998	88.080002	90.650002	87.269997	-2.5124
Tech	GOOGL	2023-01-05	87.470001	86.199997	87.57	85.900002	-1.4519
Tech	GOOGL	2023-01-06	86.790001	87.339996	87.690002	84.860001	0.6337
Tech	GOOGL	2023-01-07	87.58	87.68	88.87	86.36	0.1142
Tech	GOOGL	2023-01-08	87.97	87.85	89.46	87.11	-0.1364
Tech	GOOGL	2023-01-09	88.360001	88.019997	90.050003	87.860001	-0.3848
Tech	GOOGL	2023-01-10	85.980003	88.419998	88.669998	85.830002	2.8379
Tech	GOOGL	2023-01-11	89.18	91.519997	91.599998	89.010002	2.6239
Tech	GOOGL	2023-01-12	91.480003	91.129997	91.870003	89.75	-0.3826
Tech	GOOGL	2023-01-13	90.849998	92.120003	92.190002	90.129997	1.3979
Tech	GOOGL	2023-01-14	91.45	91.71	92.22	90.09	0.2843
Tech	GOOGL	2023-01-15	91.75	91.5	92.23	90.07	-0.2725
Tech	GOOGL	2023-01-16	91.9	91.4	92.24	90.06	-0.5441
Tech	GOOGL	2023-01-17	92.059998	91.290001	92.25	90.050003	-0.8364
Tech	GOOGL	2023-01-18	92.139999	91.120003	92.800003	90.639999	-1.107
Tech	GOOGL	2023-01-19	90.720001	93.050003	93.610001	90.629997	2.5683
Tech	GOOGL	2023-01-20	95.099998	98.019997	98.300003	95.019997	3.0705
Tech	GOOGL	2023-01-21	96.52	98.9	99.17	96.26	2.4658
Tech	GOOGL	2023-01-22	97.23	99.35	99.61	96.88	2.1804
Tech	GOOGL	2023-01-23	97.949997	99.790001	100.040001	97.5	1.8785
Tech	GOOGL	2023-01-24	98.099998	97.699997	99.610001	97.199997	-0.4077
Tech	GOOGL	2023-01-25	95.57	95.220001	96.160004	93.760002	-0.3662
Tech	GOOGL	2023-01-26	96.5	97.519997	97.57	95.379997	1.057
Tech	GOOGL	2023-01-27	97.309998	99.370003	100.32	97.309998	2.117
Tech	GOOGL	2023-01-28	97.4	98.16	99.31	96.85	0.7803
Tech	GOOGL	2023-01-29	97.44	97.55	98.8	96.63	0.1129
Tech	GOOGL	2023-01-30	97.480003	96.940002	98.290001	96.400002	-0.554
Tech	GOOGL	2023-01-31	96.870003	98.839996	98.879997	96.82	2.0336
Tech	GOOGL	2023-02-01	98.709999	100.43	101.190002	97.580002	1.7425
Tech	GOOGL	2023-02-02	105.800003	107.739998	107.849998	105.610001	1.8336
Tech	GOOGL	2023-02-03	102.93	104.779999	107.809998	102.580002	1.7973
Tech	GOOGL	2023-02-04	102.67	103.84	106.08	102.23	1.1396
Tech	GOOGL	2023-02-05	102.54	103.37	105.22	102.05	0.8094
Tech	GOOGL	2023-02-06	102.400002	102.900002	104.360001	101.879997	0.4883
Tech	GOOGL	2023-02-07	103.220001	107.639999	108.18	103.120003	4.2821
Tech	GOOGL	2023-02-08	102.050003	99.370003	103.139999	98.040001	-2.6262
Tech	GOOGL	2023-02-09	100.0	95.010002	100.029999	93.629997	-4.99
Tech	GOOGL	2023-02-10	95.449997	94.57	96.75	94.25	-0.9219
Tech	GOOGL	2023-02-11	95.09	94.59	95.97	94.04	-0.5258
Tech	GOOGL	2023-02-12	94.91	94.6	95.58	93.94	-0.3266
Tech	GOOGL	2023-02-13	94.739998	94.610001	95.199997	93.839996	-0.1372
Tech	GOOGL	2023-02-14	94.43	94.68	94.849998	92.260002	0.2647
Tech	GOOGL	2023-02-15	94.489998	96.940002	97.120003	94.150002	2.5929
Tech	GOOGL	2023-02-16	95.370003	95.510002	97.68	94.739998	0.1468
Tech	GOOGL	2023-02-17	94.849998	94.349998	95.559998	93.209999	-0.5271
Tech	GOOGL	2023-02-18	93.92	93.07	94.33	92.47	-0.905
Tech	GOOGL	2023-02-19	93.46	92.43	93.71	92.1	-1.1021
Tech	GOOGL	2023-02-20	93.23	92.11	93.4	91.91	-1.2013
Tech	GOOGL	2023-02-21	93.0	91.790001	93.099998	91.720001	-1.3011
Tech	GOOGL	2023-02-22	91.699997	91.650002	92.110001	90.610001	-0.0545
Tech	GOOGL	2023-02-23	91.919998	90.889999	91.940002	89.760002	-1.1205
Tech	GOOGL	2023-02-24	89.440002	89.129997	89.889999	88.580002	-0.3466
Tech	GOOGL	2023-02-25	89.66	89.5	90.03	88.96	-0.1785
Tech	GOOGL	2023-02-26	89.77	89.69	90.1	89.15	-0.0891
Tech	GOOGL	2023-02-27	89.870003	89.870003	90.160004	89.339996	0.0
Tech	GOOGL	2023-02-28	89.330002	90.059998	91.230003	89.32	0.8172
Tech	GOOGL	2023-03-01	89.980003	90.360001	91.029999	89.669998	0.4223
Tech	GOOGL	2023-03-02	89.660004	92.0	92.279999	89.589996	2.6099
Tech	GOOGL	2023-03-03	92.480003	93.650002	93.730003	92.449997	1.2651
Tech	GOOGL	2023-03-04	93.25	94.39	94.85	93.22	1.2225
Tech	GOOGL	2023-03-05	93.63	94.76	95.41	93.61	1.2069
Tech	GOOGL	2023-03-06	94.019997	95.129997	95.970001	94.0	1.1806
Tech	GOOGL	2023-03-07	94.980003	93.860001	95.669998	93.529999	-1.1792
Tech	GOOGL	2023-03-08	94.120003	94.25	95.959999	94.0	0.1381
Tech	GOOGL	2023-03-09	94.050003	92.32	95.529999	91.900002	-1.8395
Tech	GOOGL	2023-03-10	92.169998	90.629997	92.790001	90.400002	-1.6708
Tech	GOOGL	2023-03-11	91.13	90.87	92.68	89.91	-0.2853
Tech	GOOGL	2023-03-12	90.61	90.99	92.62	89.66	0.4194
Tech	GOOGL	2023-03-13	90.089996	91.110001	92.57	89.419998	1.1322
Tech	GOOGL	2023-03-14	92.559998	93.970001	94.360001	92.440002	1.5233
Tech	GOOGL	2023-03-15	93.220001	96.110001	96.93	92.639999	3.1002
Tech	GOOGL	2023-03-16	96.199997	100.32	101.190002	95.5	4.2827
Tech	GOOGL	2023-03-17	100.260002	101.620003	102.839996	100.099998	1.3565
Tech	GOOGL	2023-03-18	100.19	101.42	102.29	99.99	1.2277
Tech	GOOGL	2023-03-19	100.16	101.32	102.02	99.93	1.1581
Tech	GOOGL	2023-03-20	100.120003	101.220001	101.75	99.870003	1.0987
Tech	GOOGL	2023-03-21	101.25	104.919998	105.099998	101.220001	3.6247
Tech	GOOGL	2023-03-22	104.269997	103.370003	106.589996	103.330002	-0.8631
Tech	GOOGL	2023-03-23	105.059998	105.599998	106.300003	104.459999	0.514
Tech	GOOGL	2023-03-24	104.989998	105.440002	105.489998	103.839996	0.4286
Tech	GOOGL	2023-03-25	104.81	103.95	105.12	102.88	-0.8205
Tech	GOOGL	2023-03-26	104.72	103.2	104.94	102.41	-1.4515
Tech	GOOGL	2023-03-27	104.620003	102.459999	104.760002	101.93	-2.0646
Tech	GOOGL	2023-03-28	102.440002	101.029999	102.449997	99.739998	-1.3764
Tech	GOOGL	2023-03-29	102.279999	101.389999	102.489998	100.650002	-0.8702
Tech	GOOGL	2023-03-30	100.910004	100.889999	101.160004	99.779999	-0.0198
Tech	GOOGL	2023-03-31	101.300003	103.730003	103.889999	101.040001	2.3988
